Label,"Brevard County, Florida!!Total population!!Estimate","Brevard County, Florida!!Total population!!Margin of Error","Broward County, Florida!!Total population!!Estimate","Broward County, Florida!!Total population!!Margin of Error","Duval County, Florida!!Total population!!Estimate","Duval County, Florida!!Total population!!Margin of Error","Hillsborough County, Florida!!Total population!!Estimate","Hillsborough County, Florida!!Total population!!Margin of Error","Lee County, Florida!!Total population!!Estimate","Lee County, Florida!!Total population!!Margin of Error","Miami-Dade County, Florida!!Total population!!Estimate","Miami-Dade County, Florida!!Total population!!Margin of Error","Orange County, Florida!!Total population!!Estimate","Orange County, Florida!!Total population!!Margin of Error","Palm Beach County, Florida!!Total population!!Estimate","Palm Beach County, Florida!!Total population!!Margin of Error","Pasco County, Florida!!Total population!!Estimate","Pasco County, Florida!!Total population!!Margin of Error","Pinellas County, Florida!!Total population!!Estimate","Pinellas County, Florida!!Total population!!Margin of Error","Polk County, Florida!!Total population!!Estimate","Polk County, Florida!!Total population!!Margin of Error","Volusia County, Florida!!Total population!!Estimate","Volusia County, Florida!!Total population!!Margin of Error"
TOTAL NUMBER OF RACES REPORTED,,,,,,,,,,,,,,,,,,,,,,,,
    Total population,"601,942",*****,"1,952,778",*****,"957,755",*****,"1,471,968",*****,"770,577",*****,"2,716,940",*****,"1,393,452",*****,"1,496,770",*****,"553,947",*****,"974,996",*****,"724,777",*****,"553,284",*****
        One race,95.60%,±0.9,96.50%,±0.4,96.30%,±0.6,96.30%,±0.5,98.20%,±0.4,98.10%,±0.3,96.20%,±0.6,97.20%,±0.4,96.60%,±0.6,96.40%,±0.5,97.70%,±0.5,97.40%,±0.5
        Two races,4.20%,±0.9,3.20%,±0.4,3.40%,±0.6,3.50%,±0.5,1.60%,±0.4,1.80%,±0.3,3.60%,±0.5,2.50%,±0.3,3.20%,±0.6,3.20%,±0.4,2.20%,±0.5,2.40%,±0.5
        Three races,0.30%,±0.2,0.30%,±0.2,0.30%,±0.1,0.20%,±0.1,0.20%,±0.1,0.10%,±0.1,0.20%,±0.1,0.30%,±0.1,0.20%,±0.1,0.50%,±0.3,0.10%,±0.1,0.20%,±0.2
        Four or more races,0.00%,±0.1,0.10%,±0.1,0.10%,±0.1,0.00%,±0.1,0.00%,±0.1,0.00%,±0.1,0.00%,±0.1,0.00%,±0.1,0.00%,±0.1,0.00%,±0.1,0.00%,±0.1,0.00%,±0.1
SEX AND AGE,,,,,,,,,,,,,,,,,,,,,,,,
    Total population,"601,942",*****,"1,952,778",*****,"957,755",*****,"1,471,968",*****,"770,577",*****,"2,716,940",*****,"1,393,452",*****,"1,496,770",*****,"553,947",*****,"974,996",*****,"724,777",*****,"553,284",*****
        Male,48.80%,±0.2,48.70%,±0.1,48.40%,±0.1,48.90%,±0.1,49.10%,±0.1,48.60%,±0.1,49.00%,±0.1,48.50%,±0.1,48.80%,±0.2,48.00%,±0.1,49.10%,±0.1,48.70%,±0.2
        Female,51.20%,±0.2,51.30%,±0.1,51.60%,±0.1,51.10%,±0.1,50.90%,±0.1,51.40%,±0.1,51.00%,±0.1,51.50%,±0.1,51.20%,±0.2,52.00%,±0.1,50.90%,±0.1,51.30%,±0.2
        Under 5 years,4.50%,±0.1,5.70%,±0.1,6.70%,±0.1,6.00%,±0.1,4.50%,±0.1,5.80%,±0.1,6.00%,±0.1,5.10%,±0.1,5.10%,±0.1,4.30%,±0.1,5.70%,±0.1,4.70%,±0.1
        5 to 17 years,13.60%,±0.1,15.30%,±0.1,15.80%,±0.1,16.10%,±0.1,12.90%,±0.1,14.40%,±0.1,16.00%,±0.1,13.90%,±0.1,15.10%,±0.1,11.70%,±0.1,16.20%,±0.1,12.80%,±0.1
        18 to 24 years,6.90%,±0.1,7.70%,±0.1,8.70%,±0.1,8.80%,±0.1,6.80%,±0.1,8.30%,±0.1,10.30%,±0.1,7.50%,±0.1,7.20%,±0.2,6.70%,±0.2,8.50%,±0.1,7.90%,±0.1
        25 to 34 years,11.70%,±0.2,13.40%,±0.1,16.40%,±0.1,15.30%,±0.1,10.80%,±0.2,14.10%,±0.1,16.80%,±0.1,11.90%,±0.1,11.00%,±0.3,12.00%,±0.2,13.20%,±0.1,11.80%,±0.1
        35 to 44 years,10.50%,±0.2,13.40%,±0.1,13.00%,±0.1,13.80%,±0.1,10.50%,±0.1,13.60%,±0.1,14.40%,±0.1,11.50%,±0.1,12.60%,±0.2,11.00%,±0.1,11.90%,±0.1,10.60%,±0.3
        45 to 54 years,12.10%,±0.1,13.80%,±0.1,12.20%,±0.1,13.20%,±0.1,11.30%,±0.1,14.40%,±0.1,12.90%,±0.1,12.50%,±0.1,12.80%,±0.1,12.80%,±0.1,11.80%,±0.1,12.00%,±0.3
        55 to 64 years,16.40%,±0.1,13.60%,±0.1,12.80%,±0.1,12.20%,±0.1,14.20%,±0.1,12.70%,±0.1,11.40%,±0.1,13.40%,±0.1,13.60%,±0.1,16.20%,±0.1,12.10%,±0.1,15.40%,±0.1
        65 to 74 years,13.00%,±0.2,9.60%,±0.1,8.90%,±0.1,8.70%,±0.1,15.60%,±0.1,8.90%,±0.1,7.40%,±0.1,11.80%,±0.1,12.30%,±0.1,13.60%,±0.1,11.50%,±0.1,13.90%,±0.1
        75 years and over,11.20%,±0.2,7.60%,±0.1,5.50%,±0.1,5.80%,±0.1,13.60%,±0.1,7.80%,±0.1,4.80%,±0.1,12.50%,±0.1,10.30%,±0.1,11.80%,±0.1,9.10%,±0.1,10.90%,±0.1
        Median age (years),47.2,±0.3,40.9,±0.2,36.4,±0.3,37.8,±0.3,49.3,±0.2,40.5,±0.2,35.6,±0.1,45.2,±0.1,44.3,±0.2,48.9,±0.3,40.2,±0.3,47,±0.4
        18 years and over,81.80%,±0.1,79.00%,±0.1,77.50%,±0.1,77.90%,±0.1,82.60%,±0.1,79.80%,±0.1,78.00%,±0.1,81.00%,±0.1,79.80%,±0.1,84.10%,±0.1,78.00%,±0.1,82.50%,±0.1
        21 years and over,78.50%,±0.4,75.40%,±0.2,73.90%,±0.2,74.00%,±0.2,79.60%,±0.2,76.10%,±0.1,73.60%,±0.3,77.90%,±0.2,76.60%,±0.3,81.40%,±0.2,73.80%,±0.3,79.00%,±0.3
        62 years and over,29.00%,±0.5,20.90%,±0.3,18.00%,±0.3,18.00%,±0.2,33.60%,±0.3,20.00%,±0.2,15.30%,±0.3,28.30%,±0.2,26.70%,±0.3,30.20%,±0.3,24.10%,±0.4,29.80%,±0.5
        65 years and over,24.20%,±0.1,17.10%,±0.1,14.40%,±0.1,14.50%,±0.1,29.20%,±0.1,16.60%,±0.1,12.30%,±0.1,24.40%,±0.1,22.60%,±0.1,25.40%,±0.1,20.60%,±0.1,24.80%,±0.1
        Under 18 years,"109,373",±620,"409,938",±4,"215,545",±117,"325,423",±447,"133,898",±559,"549,679",±313,"306,014",±634,"283,872",±577,"111,956",±436,"155,438",±184,"159,139",±142,"96,732",±443
            Male,50.70%,±1.2,50.70%,±0.1,50.60%,±0.1,51.40%,±0.1,51.90%,±0.6,50.80%,±0.1,51.10%,±0.1,51.10%,±0.2,51.70%,±0.7,51.10%,±0.2,51.40%,±0.2,50.00%,±0.5
            Female,49.30%,±1.2,49.30%,±0.1,49.40%,±0.1,48.60%,±0.1,48.10%,±0.6,49.20%,±0.1,48.90%,±0.1,48.90%,±0.2,48.30%,±0.7,48.90%,±0.2,48.60%,±0.2,50.00%,±0.5
        18 years and over,"492,569",±620,"1,542,840",±4,"742,210",±117,"1,146,545",±447,"636,679",±559,"2,167,261",±313,"1,087,438",±634,"1,212,898",±577,"441,991",±436,"819,558",±184,"565,638",±142,"456,552",±443
            Male,48.40%,±0.1,48.20%,±0.1,47.80%,±0.1,48.20%,±0.1,48.60%,±0.1,48.00%,±0.1,48.40%,±0.1,47.90%,±0.1,48.00%,±0.1,47.40%,±0.1,48.40%,±0.1,48.40%,±0.2
            Female,51.60%,±0.1,51.80%,±0.1,52.20%,±0.1,51.80%,±0.1,51.40%,±0.1,52.00%,±0.1,51.60%,±0.1,52.10%,±0.1,52.00%,±0.1,52.60%,±0.1,51.60%,±0.1,51.60%,±0.2
        18 to 34 years,"111,932","±1,059","412,607",±674,"240,505","±1,248","355,079",±823,"135,205","±1,006","608,544",±291,"377,537",±882,"289,573",±833,"100,583","±1,167","181,852",±437,"156,825",±430,"108,739",±788
            Male,52.80%,±0.5,50.30%,±0.1,49.80%,±0.2,49.80%,±0.1,50.10%,±0.4,51.00%,±0.1,49.90%,±0.1,50.90%,±0.1,50.00%,±0.5,49.80%,±0.1,50.20%,±0.1,51.70%,±0.3
            Female,47.20%,±0.5,49.70%,±0.1,50.20%,±0.2,50.20%,±0.1,49.90%,±0.4,49.00%,±0.1,50.10%,±0.1,49.10%,±0.1,50.00%,±0.5,50.20%,±0.1,49.80%,±0.1,48.30%,±0.3
        35 to 64 years,"234,863","±1,143","795,627",±792,"363,329","±1,337","577,391","±1,016","276,811",±898,"1,106,670",±368,"538,904",±648,"558,766",±676,"216,002","±1,117","390,070",±536,"259,788",±527,"210,617",±720
            Male,47.80%,±0.3,48.80%,±0.1,48.10%,±0.2,48.80%,±0.1,48.50%,±0.2,48.90%,±0.1,48.90%,±0.1,48.50%,±0.1,48.30%,±0.3,48.10%,±0.1,48.60%,±0.1,48.60%,±0.3
            Female,52.20%,±0.3,51.20%,±0.1,51.90%,±0.2,51.20%,±0.1,51.50%,±0.2,51.10%,±0.1,51.10%,±0.1,51.50%,±0.1,51.70%,±0.3,51.90%,±0.1,51.40%,±0.1,51.40%,±0.3
        65 years and over,"145,774",±520,"334,606",±453,"138,376",±421,"214,075",±488,"224,663",±498,"452,047",±204,"170,997",±385,"364,559",±407,"125,406",±218,"247,636",±405,"149,025",±373,"137,196",±401
            Male,45.80%,±0.2,44.10%,±0.1,43.30%,±0.2,44.10%,±0.1,47.70%,±0.1,41.60%,±0.1,43.70%,±0.1,44.40%,±0.1,45.90%,±0.1,44.60%,±0.1,46.20%,±0.3,45.50%,±0.2
            Female,54.20%,±0.2,55.90%,±0.1,56.70%,±0.2,55.90%,±0.1,52.30%,±0.1,58.40%,±0.1,56.30%,±0.1,55.60%,±0.1,54.10%,±0.1,55.40%,±0.1,53.80%,±0.3,54.50%,±0.2
RELATIONSHIP,,,,,,,,,,,,,,,,,,,,,,,,
    Population in households,"596,100",±888,"1,935,652","±2,337","934,389","±3,512","1,451,324","±2,239","760,360","±2,866","2,675,285","±4,728","1,363,728","±4,096","1,474,962","±3,018","547,255",±953,"955,171","±2,872","711,438","±1,915","542,568","±1,573"
        Householder or spouse,57.00%,±1.4,51.70%,±0.7,55.30%,±0.9,53.40%,±0.5,57.30%,±1.3,49.10%,±0.5,49.00%,±0.9,56.10%,±0.7,58.40%,±1.3,58.70%,±1.0,49.30%,±1.1,59.00%,±1.3
        Unmarried partner,2.20%,±0.4,2.80%,±0.2,2.80%,±0.4,2.90%,±0.3,2.50%,±0.3,2.40%,±0.2,2.90%,±0.3,2.60%,±0.2,2.10%,±0.3,3.00%,±0.3,2.40%,±0.3,3.00%,±0.4
        Child,28.00%,±1.2,30.00%,±0.7,29.30%,±0.8,30.00%,±0.4,26.20%,±0.9,30.80%,±0.5,30.20%,±0.8,27.20%,±0.6,28.20%,±1.1,25.30%,±0.9,31.90%,±1.1,25.50%,±1.0
        Other relatives,8.50%,±1.1,11.30%,±0.7,8.00%,±0.8,8.40%,±0.5,9.90%,±1.2,14.00%,±0.5,11.50%,±1.0,9.30%,±0.7,8.70%,±0.9,8.00%,±0.7,11.20%,±1.1,8.50%,±0.9
        Other nonrelatives,4.30%,±0.8,4.20%,±0.5,4.70%,±0.7,5.30%,±0.5,4.10%,±0.6,3.70%,±0.3,6.40%,±0.8,4.80%,±0.5,2.60%,±0.4,5.00%,±0.6,5.20%,±0.8,4.10%,±0.7
HOUSEHOLDS BY TYPE,,,,,,,,,,,,,,,,,,,,,,,,
    Households,"230,043","±4,772","705,472","±7,707","368,668","±4,596","541,584","±4,189","286,887","±5,798","912,805","±5,898","457,949","±6,978","568,915","±6,021","212,856","±4,410","395,286","±6,581","238,629","±5,267","219,451","±3,752"
        Family households,59.60%,±2.0,63.00%,±1.1,60.00%,±1.4,61.40%,±1.0,65.90%,±1.6,69.40%,±0.8,66.50%,±1.3,62.30%,±1.2,67.80%,±1.7,55.10%,±1.2,66.50%,±1.8,62.90%,±1.9
            With own children of the householder under 18 years,17.10%,±1.4,24.10%,±0.9,23.90%,±1.4,25.80%,±1.0,18.80%,±1.4,26.10%,±0.8,28.30%,±1.2,21.00%,±0.9,24.10%,±1.4,15.70%,±1.0,23.20%,±1.4,19.80%,±1.5
        Married-couple family,47.80%,±1.9,41.80%,±1.0,40.00%,±1.6,43.00%,±1.1,51.90%,±1.7,43.80%,±0.9,46.00%,±1.4,45.50%,±1.1,50.10%,±1.9,41.70%,±1.1,47.30%,±1.7,46.10%,±1.9
            With own children of the householder under 18 years,12.00%,±1.2,14.30%,±0.7,14.20%,±1.3,16.20%,±0.8,11.80%,±1.0,15.90%,±0.6,18.80%,±1.0,13.40%,±0.8,15.90%,±1.3,10.30%,±0.7,14.10%,±1.1,12.20%,±1.3
"        Female householder, no spouse present, family",8.60%,±1.1,15.30%,±0.8,14.30%,±1.1,13.10%,±0.8,9.00%,±0.9,18.10%,±0.7,15.20%,±1.0,11.10%,±0.8,12.30%,±1.1,9.80%,±0.7,13.50%,±1.3,11.00%,±1.1
            With own children of the householder under 18 years,3.80%,±0.8,7.30%,±0.6,7.40%,±0.9,7.00%,±0.6,4.60%,±0.8,7.60%,±0.5,7.40%,±0.9,5.10%,±0.5,6.00%,±1.0,3.70%,±0.4,6.70%,±1.0,4.40%,±0.9
        Nonfamily households,40.40%,±2.0,37.00%,±1.1,40.00%,±1.4,38.60%,±1.0,34.10%,±1.6,30.60%,±0.8,33.50%,±1.3,37.70%,±1.2,32.20%,±1.7,44.90%,±1.2,33.50%,±1.8,37.10%,±1.9
            Male householder,20.00%,±1.5,17.50%,±0.8,19.70%,±1.2,18.60%,±0.9,16.40%,±1.3,14.90%,±0.6,15.80%,±1.1,15.50%,±0.7,15.80%,±1.2,18.20%,±1.0,15.70%,±1.4,16.20%,±1.4
                Living alone,16.30%,±1.6,13.50%,±0.8,15.50%,±1.1,13.90%,±0.9,12.50%,±1.1,11.40%,±0.6,11.30%,±1.0,11.60%,±0.7,12.90%,±1.1,13.70%,±0.8,12.10%,±1.3,12.30%,±1.2
                Not living alone,3.70%,±0.7,4.10%,±0.4,4.30%,±0.6,4.70%,±0.5,3.90%,±0.6,3.50%,±0.4,4.50%,±0.6,3.90%,±0.5,2.90%,±0.6,4.50%,±0.7,3.60%,±0.7,3.90%,±0.8
            Female householder,20.40%,±1.4,19.40%,±0.8,20.30%,±1.0,20.00%,±0.8,17.70%,±1.1,15.70%,±0.7,17.60%,±1.0,22.20%,±1.0,16.40%,±1.0,26.70%,±1.0,17.70%,±1.3,20.90%,±1.4
                Living alone,18.00%,±1.4,16.50%,±0.7,16.70%,±1.0,16.20%,±0.7,15.50%,±1.1,13.20%,±0.6,13.30%,±0.8,18.70%,±0.9,14.20%,±1.0,22.50%,±0.9,14.90%,±1.3,17.50%,±1.4
                Not living alone,2.40%,±0.6,2.90%,±0.4,3.50%,±0.7,3.90%,±0.5,2.20%,±0.4,2.50%,±0.3,4.40%,±0.6,3.40%,±0.4,2.20%,±0.5,4.30%,±0.5,2.80%,±0.5,3.40%,±0.6
        Average household size,2.59,±0.05,2.74,±0.03,2.53,±0.03,2.68,±0.02,2.65,±0.05,2.93,±0.02,2.98,±0.04,2.59,±0.03,2.57,±0.05,2.42,±0.04,2.98,±0.06,2.47,±0.04
        Average family size,3.39,±0.11,3.46,±0.05,3.24,±0.06,3.38,±0.04,3.24,±0.09,3.52,±0.04,3.56,±0.08,3.25,±0.05,3.14,±0.08,3.22,±0.07,3.64,±0.11,3.06,±0.09
MARITAL STATUS,,,,,,,,,,,,,,,,,,,,,,,,
    Population 15 years and over,"512,477",±776,"1,611,631",±310,"773,281",±538,"1,200,440",±492,"659,973",±648,"2,258,491",±313,"1,138,784",±394,"1,262,139",±585,"461,649",±270,"846,576",±240,"593,006",±143,"472,977",±792
"        Now married, except separated",46.80%,±2.0,42.50%,±1.0,42.10%,±1.6,43.50%,±1.0,50.90%,±1.8,43.30%,±0.8,43.00%,±1.2,46.10%,±1.1,50.40%,±1.9,43.00%,±1.1,43.00%,±1.5,46.40%,±1.8
        Widowed,8.50%,±0.8,6.20%,±0.4,5.40%,±0.5,5.20%,±0.3,8.40%,±0.7,5.80%,±0.3,4.30%,±0.4,7.70%,±0.4,8.10%,±0.7,8.20%,±0.5,7.10%,±0.6,7.90%,±0.7
        Divorced,14.40%,±1.1,13.40%,±0.6,14.40%,±0.9,13.30%,±0.7,13.20%,±0.9,12.00%,±0.5,11.70%,±0.7,12.90%,±0.7,12.70%,±1.0,16.60%,±0.8,13.20%,±0.9,15.20%,±1.0
        Separated,2.10%,±0.6,2.60%,±0.3,1.90%,±0.3,1.90%,±0.2,1.50%,±0.3,3.10%,±0.3,2.30%,±0.3,1.80%,±0.3,1.70%,±0.4,1.60%,±0.2,2.00%,±0.4,1.70%,±0.4
        Never married,28.30%,±1.3,35.20%,±0.8,36.30%,±1.2,36.10%,±0.8,26.10%,±1.0,35.90%,±0.7,38.70%,±1.0,31.40%,±0.8,27.10%,±1.3,30.60%,±0.8,34.70%,±1.1,28.90%,±1.2
    Male 15 years and over,"248,283","±1,436","777,708",±396,"370,033",±638,"580,470","±1,276","321,387","±1,115","1,085,613",±678,"552,716",±677,"605,863",±716,"222,243",±616,"402,355",±456,"287,909",±613,"229,332",±894
"        Now married, except separated",48.90%,±2.3,45.30%,±1.3,43.40%,±1.8,44.90%,±1.2,52.90%,±1.9,46.20%,±0.9,44.40%,±1.5,49.10%,±1.1,52.20%,±2.0,45.00%,±1.4,45.90%,±2.0,48.10%,±2.2
        Widowed,4.10%,±0.8,2.50%,±0.4,2.60%,±0.4,2.70%,±0.3,4.00%,±0.7,2.50%,±0.3,1.40%,±0.4,3.30%,±0.3,4.10%,±0.7,4.00%,±0.6,3.90%,±0.7,4.00%,±0.7
        Divorced,12.70%,±1.3,10.90%,±0.8,12.70%,±1.1,11.20%,±0.9,12.50%,±1.4,9.80%,±0.5,9.60%,±1.0,10.90%,±0.7,10.60%,±1.0,14.80%,±1.1,12.20%,±1.1,12.40%,±1.4
        Separated,2.10%,±0.8,2.20%,±0.5,1.70%,±0.4,1.70%,±0.3,1.70%,±0.4,2.60%,±0.3,2.40%,±0.5,1.60%,±0.4,2.00%,±0.6,1.30%,±0.3,1.60%,±0.4,1.20%,±0.5
        Never married,32.10%,±1.8,38.90%,±1.0,39.60%,±1.5,39.50%,±1.1,28.80%,±1.5,38.90%,±0.9,42.20%,±1.2,35.00%,±1.0,31.10%,±1.8,34.80%,±1.1,36.50%,±1.5,34.20%,±1.7
    Female 15 years and over,"264,194","±1,394","833,923",±286,"403,248",±688,"619,970","±1,232","338,586",±919,"1,172,878",±582,"586,068",±750,"656,276",±587,"239,406",±529,"444,221",±497,"305,097",±608,"243,645",±777
"        Now married, except separated",44.70%,±2.2,39.90%,±1.1,40.80%,±1.8,42.20%,±1.1,49.00%,±2.0,40.60%,±0.9,41.60%,±1.5,43.40%,±1.3,48.80%,±2.2,41.20%,±1.3,40.40%,±1.6,44.70%,±2.1
        Widowed,12.50%,±1.2,9.60%,±0.7,7.90%,±0.8,7.50%,±0.6,12.40%,±1.1,8.90%,±0.4,7.00%,±0.6,11.80%,±0.7,11.90%,±1.0,12.00%,±0.7,10.10%,±1.0,11.60%,±1.1
        Divorced,15.90%,±1.7,15.70%,±0.7,15.90%,±1.2,15.30%,±0.8,13.90%,±1.2,14.00%,±0.7,13.80%,±0.9,14.80%,±0.9,14.50%,±1.3,18.10%,±1.0,14.10%,±1.3,17.80%,±1.4
        Separated,2.00%,±0.8,3.00%,±0.4,2.10%,±0.5,2.10%,±0.3,1.30%,±0.4,3.40%,±0.4,2.20%,±0.5,1.90%,±0.4,1.50%,±0.5,1.90%,±0.3,2.40%,±0.6,2.10%,±0.6
        Never married,24.80%,±1.6,31.80%,±0.8,33.30%,±1.3,32.90%,±0.9,23.50%,±1.2,33.10%,±0.8,35.40%,±1.3,28.10%,±0.9,23.30%,±1.3,26.70%,±1.2,33.00%,±1.5,23.90%,±1.2
SCHOOL ENROLLMENT,,,,,,,,,,,,,,,,,,,,,,,,
    Population 3 years and over enrolled in school,"125,742","±4,436","468,358","±8,238","221,200","±5,587","354,680","±6,093","145,714","±4,197","672,687","±10,829","367,721","±8,311","325,355","±5,629","114,249","±3,338","183,441","±5,241","165,894","±4,717","107,705","±3,095"
"        Nursery school, preschool",5.90%,±1.3,8.30%,±0.8,6.70%,±1.1,6.10%,±0.8,7.70%,±1.2,7.30%,±0.5,7.10%,±0.8,7.10%,±0.8,6.70%,±1.2,7.50%,±1.2,5.30%,±1.0,4.30%,±1.1
        Kindergarten,3.70%,±1.0,4.50%,±0.7,5.40%,±1.1,5.30%,±0.8,4.90%,±1.0,4.50%,±0.5,4.30%,±0.7,4.40%,±0.7,4.40%,±1.1,4.40%,±0.9,5.40%,±1.1,6.60%,±1.3
        Elementary school (grades 1-8),41.10%,±2.0,39.70%,±1.1,43.80%,±1.7,40.20%,±1.1,41.10%,±1.9,36.90%,±0.8,36.70%,±1.3,39.30%,±1.4,44.00%,±1.9,38.40%,±1.6,41.10%,±1.8,38.50%,±2.0
        High school (grades 9-12),22.60%,±1.8,20.30%,±0.9,17.80%,±1.0,20.70%,±0.9,22.90%,±1.9,20.00%,±0.6,18.90%,±1.0,22.10%,±1.1,23.20%,±1.6,18.70%,±1.1,23.80%,±1.7,23.00%,±1.7
        College or graduate school,26.70%,±2.2,27.20%,±1.0,26.30%,±1.8,27.60%,±1.3,23.30%,±2.1,31.30%,±0.8,33.00%,±1.5,27.20%,±1.1,21.80%,±1.7,31.10%,±1.8,24.50%,±1.8,27.60%,±1.9
        Male 3 years and over enrolled in school,"61,269","±3,564","230,887","±5,237","107,343","±3,913","173,931","±4,317","73,329","±2,773","329,187","±6,230","176,713","±4,789","160,400","±3,807","55,940","±2,316","89,598","±3,344","79,042","±4,142","53,504","±2,233"
            Percent enrolled in kindergarten to grade 12,69.50%,±3.5,66.70%,±1.6,70.40%,±2.5,70.10%,±2.0,73.10%,±3.1,63.90%,±1.2,63.60%,±1.9,69.80%,±1.6,76.10%,±3.1,64.50%,±2.8,73.50%,±3.3,70.00%,±2.9
            Percent enrolled in college or graduate school,24.40%,±3.3,24.30%,±1.6,22.50%,±2.3,23.20%,±1.9,20.40%,±2.9,29.20%,±1.1,29.50%,±1.6,22.50%,±1.6,15.00%,±2.4,27.10%,±2.9,21.30%,±3.0,25.50%,±2.8
        Female 3 years and over enrolled in school,"64,473","±3,376","237,471","±5,754","113,857","±4,287","180,749","±4,463","72,385","±2,842","343,500","±7,685","191,008","±6,220","164,955","±4,154","58,309","±2,372","93,843","±3,722","86,852","±3,120","54,201","±2,408"
            Percent enrolled in kindergarten to grade 12,65.50%,±3.2,62.40%,±1.6,63.90%,±2.4,62.50%,±1.6,64.80%,±3.4,59.10%,±1.3,56.50%,±2.2,61.80%,±1.9,67.20%,±2.9,58.50%,±2.3,67.20%,±2.4,66.30%,±2.7
            Percent enrolled in college or graduate school,28.80%,±3.0,29.90%,±1.6,29.90%,±2.5,31.90%,±1.6,26.40%,±2.9,33.40%,±1.1,36.30%,±2.0,31.70%,±1.6,28.20%,±2.6,34.90%,±2.2,27.40%,±2.4,29.60%,±2.8
EDUCATIONAL ATTAINMENT,,,,,,,,,,,,,,,,,,,,,,,,
    Population 25 years and over,"450,772","±1,081","1,392,064",±583,"658,820",±578,"1,017,078",±484,"584,326",±800,"1,941,926",±351,"944,200",±805,"1,101,068",±639,"402,199","±1,108","754,705","±1,531","504,283",±534,"412,871",±836
        Less than high school diploma,7.50%,±0.9,10.70%,±0.7,9.70%,±0.9,11.30%,±0.7,11.00%,±0.9,19.70%,±0.7,11.80%,±0.9,11.00%,±0.5,9.70%,±1.0,9.00%,±0.7,13.40%,±1.1,8.90%,±0.9
        High school graduate (includes equivalency),27.80%,±1.6,28.30%,±0.9,28.60%,±1.2,26.90%,±0.9,31.00%,±1.4,26.10%,±0.7,25.10%,±1.1,23.70%,±0.9,33.00%,±1.3,27.40%,±1.0,34.20%,±1.6,33.10%,±1.4
        Some college or associate's degree,34.30%,±1.3,28.10%,±0.8,31.10%,±1.3,27.00%,±0.9,29.00%,±1.4,23.60%,±0.7,28.00%,±1.0,27.60%,±0.8,31.90%,±1.4,30.60%,±1.1,31.70%,±1.5,34.00%,±1.5
        Bachelor's degree,18.80%,±1.2,20.70%,±0.8,20.30%,±1.2,21.70%,±0.8,18.10%,±1.1,19.30%,±0.7,23.30%,±1.0,22.70%,±0.8,16.80%,±1.3,21.60%,±0.9,13.70%,±0.8,15.20%,±1.1
        Graduate or professional degree,11.60%,±0.8,12.20%,±0.6,10.30%,±0.8,13.00%,±0.6,10.90%,±0.7,11.40%,±0.5,11.90%,±0.9,15.00%,±0.6,8.60%,±0.8,11.40%,±0.6,7.00%,±0.6,8.80%,±0.8
        High school graduate or higher,92.50%,±0.9,89.30%,±0.7,90.30%,±0.9,88.70%,±0.7,89.00%,±0.9,80.30%,±0.7,88.20%,±0.9,89.00%,±0.5,90.30%,±1.0,91.00%,±0.7,86.60%,±1.1,91.10%,±0.9
"            Male, high school graduate or higher",92.70%,±1.4,89.10%,±0.9,90.60%,±1.0,87.80%,±0.9,86.90%,±1.5,80.90%,±0.9,87.40%,±1.2,87.10%,±0.7,89.70%,±1.2,90.60%,±1.0,84.80%,±1.7,89.30%,±1.4
"            Female, high school graduate or higher",92.30%,±1.0,89.50%,±0.8,90.10%,±1.1,89.50%,±0.8,91.00%,±1.0,79.80%,±0.9,89.00%,±1.1,90.70%,±0.6,90.90%,±1.2,91.30%,±0.8,88.30%,±1.2,92.90%,±1.3
        Bachelor's degree or higher,30.40%,±1.4,33.00%,±1.0,30.60%,±1.3,34.80%,±1.1,29.00%,±1.1,30.60%,±0.8,35.20%,±1.1,37.70%,±0.9,25.40%,±1.4,33.00%,±1.1,20.80%,±0.9,24.10%,±1.5
"            Male, bachelor's degree or higher",31.10%,±1.8,33.10%,±1.3,30.00%,±1.8,35.10%,±1.3,28.50%,±1.6,29.80%,±1.0,33.90%,±1.4,38.90%,±1.2,24.80%,±1.7,32.90%,±1.5,20.10%,±1.5,23.80%,±1.8
"            Female, bachelor's degree or higher",29.70%,±1.8,32.80%,±1.1,31.10%,±1.5,34.40%,±1.3,29.50%,±1.4,31.40%,±1.0,36.50%,±1.5,36.60%,±1.3,26.00%,±1.6,33.10%,±1.4,21.30%,±1.2,24.30%,±1.8
FERTILITY,,,,,,,,,,,,,,,,,,,,,,,,
    Women 15 to 50 years,"119,926","±2,531","457,711","±1,911","235,515","±1,679","368,603","±2,093","144,449","±1,598","650,171","±2,747","372,809","±1,967","309,985","±1,781","117,866","±1,212","193,899","±1,046","163,506","±1,575","109,083","±1,177"
        Women 15 to 50 years who had a birth in the past 12 months,"6,908","±1,898","17,664","±2,277","12,758","±2,543","18,660","±2,804","5,209","±1,399","26,339","±3,482","16,028","±2,815","12,832","±2,060","6,022","±1,408","7,216","±1,714","7,187","±1,599","3,265",±937
            Unmarried women 15 to 50 years who had a birth in the past 12 months,"2,298","±1,074","6,516","±1,630","5,354","±1,477","6,060","±1,684","2,275","±1,186","10,093","±2,183","4,713","±1,571","3,943","±1,258","2,431",±966,"2,249",±876,"3,393","±1,124","1,732",±721
                As a percent of all women with a birth in the past 12 months,33.30%,±12.5,36.90%,±7.9,42.00%,±9.1,32.50%,±7.0,43.70%,±16.1,38.30%,±6.4,29.40%,±8.7,30.70%,±8.0,40.40%,±13.5,31.20%,±10.0,47.20%,±13.5,53.00%,±14.7
RESPONSIBILITY FOR GRANDCHILDREN UNDER 18 YEARS,,,,,,,,,,,,,,,,,,,,,,,,
    Population 30 years and over,"414,629",±617,"1,262,856",±576,"577,274",±593,"903,411",±425,"541,685",±353,"1,752,450",±237,"822,769",±742,"1,011,877",±558,"372,792",±479,"695,747",±423,"455,165",±462,"379,735",±795
        Grandparents living with grandchild(ren),2.90%,±0.6,4.10%,±0.4,3.30%,±0.6,3.40%,±0.5,3.60%,±0.8,5.00%,±0.4,4.60%,±0.7,3.00%,±0.4,3.40%,±0.6,2.20%,±0.4,3.80%,±0.7,3.70%,±0.7
            Grandparents responsible for grandchildren as a percentage of living with grandchildren,21.80%,±7.6,23.10%,±4.3,38.90%,±8.5,21.70%,±4.7,23.10%,±8.7,15.10%,±3.3,22.60%,±5.9,27.40%,±5.9,33.70%,±8.8,30.60%,±7.6,42.80%,±7.9,46.40%,±8.5
VETERAN STATUS,,,,,,,,,,,,,,,,,,,,,,,,
    Civilian population 18 years and over,"490,310","±1,047","1,541,451",±779,"726,178","±3,147","1,140,479","±1,330","636,164",±763,"2,165,187",±941,"1,086,417",±955,"1,212,253",±700,"440,888",±801,"817,974",±682,"565,638",±142,"456,115",±568
        Civilian veteran,14.40%,±0.7,4.50%,±0.3,10.70%,±0.6,7.60%,±0.4,8.50%,±0.5,2.10%,±0.2,5.30%,±0.4,6.20%,±0.3,10.50%,±0.7,9.70%,±0.6,9.10%,±0.6,10.90%,±0.7
DISABILITY STATUS,,,,,,,,,,,,,,,,,,,,,,,,
    Total civilian noninstitutionalized population,"596,398","±1,096","1,941,114","±1,573","933,533","±3,413","1,459,415","±1,698","765,673","±2,367","2,696,151","±2,420","1,382,152","±1,628","1,483,317","±2,384","548,036","±1,056","962,616","±1,428","716,526","±1,615","547,881",±973
        With a disability,15.90%,±1.0,11.20%,±0.4,12.40%,±0.8,11.60%,±0.5,14.80%,±0.8,10.10%,±0.4,11.40%,±0.7,12.70%,±0.5,16.60%,±1.0,15.70%,±0.7,14.80%,±0.9,18.10%,±1.1
    Civilian noninstitutionalized population under 18 years,"108,987",±737,"409,257",±408,"215,057",±343,"324,517",±587,"133,730",±578,"549,232",±369,"305,583",±738,"283,563",±589,"111,792",±455,"155,214",±284,"158,534",±594,"96,572",±510
        With a disability,4.70%,±1.5,4.70%,±0.8,4.50%,±1.2,3.90%,±0.6,4.20%,±1.4,3.20%,±0.6,5.20%,±1.0,3.50%,±0.8,6.20%,±1.3,4.90%,±1.2,6.20%,±1.4,4.40%,±1.2
    Civilian noninstitutionalized population 18 to 64 years,"343,221","±1,186","1,200,779","±1,233","583,339","±3,198","923,278","±1,594","408,910","±2,236","1,702,735","±2,203","908,849","±1,324","840,282","±2,163","312,806","±1,089","565,451","±1,260","411,168","±1,486","317,183",±966
        With a disability,12.60%,±1.4,7.50%,±0.5,10.00%,±1.0,9.20%,±0.6,10.80%,±1.0,6.70%,±0.4,8.70%,±0.8,8.30%,±0.7,13.40%,±1.2,11.10%,±0.9,11.80%,±1.1,14.40%,±1.3
    Civilian noninstitutionalized population 65 years and older,"144,190",±744,"331,078",±709,"135,137",±792,"211,620",±869,"223,033",±649,"444,184","±1,152","167,720",±749,"359,472",±991,"123,438",±475,"241,951",±880,"146,824",±656,"134,126",±732
        With a disability,32.40%,±2.3,32.30%,±1.4,35.30%,±2.2,34.10%,±2.0,28.30%,±1.6,31.90%,±1.3,37.50%,±2.6,30.00%,±1.2,34.10%,±1.9,33.50%,±1.7,32.40%,±2.2,36.70%,±2.1
RESIDENCE 1 YEAR AGO,,,,,,,,,,,,,,,,,,,,,,,,
    Population 1 year and over,"595,495","±1,283","1,930,500","±2,804","945,576","±2,116","1,453,748","±2,456","765,561","±1,283","2,688,796","±3,246","1,376,920","±3,380","1,482,535","±2,234","548,357","±1,437","968,191","±1,646","715,498","±1,878","550,440","±1,021"
        Same house,86.50%,±1.3,86.20%,±0.9,81.70%,±1.4,83.10%,±1.0,85.10%,±1.3,88.30%,±0.7,82.50%,±1.2,85.70%,±0.9,86.90%,±1.2,84.80%,±1.1,84.00%,±1.4,87.00%,±1.2
        Different house in the U.S.,13.00%,±1.3,12.40%,±0.9,17.80%,±1.4,15.70%,±0.9,13.90%,±1.3,10.10%,±0.7,15.90%,±1.2,13.20%,±0.9,12.80%,±1.2,14.70%,±1.1,15.40%,±1.3,12.30%,±1.2
            Same county,7.60%,±1.1,9.20%,±0.8,11.80%,±1.2,10.00%,±0.7,7.40%,±0.9,8.40%,±0.6,10.00%,±1.1,8.40%,±0.8,5.30%,±0.7,9.10%,±0.8,8.50%,±1.1,6.10%,±1.0
            Different county,5.40%,±0.9,3.20%,±0.4,6.00%,±0.8,5.70%,±0.6,6.50%,±0.8,1.80%,±0.2,5.90%,±0.7,4.80%,±0.5,7.50%,±1.0,5.70%,±0.7,6.90%,±0.9,6.20%,±1.0
                Same state,1.70%,±0.5,1.60%,±0.3,3.10%,±0.6,3.20%,±0.4,2.10%,±0.5,0.90%,±0.2,3.50%,±0.5,2.30%,±0.3,4.00%,±0.6,2.20%,±0.3,3.90%,±0.8,3.90%,±0.8
                Different state,3.80%,±0.8,1.70%,±0.3,2.90%,±0.5,2.40%,±0.3,4.40%,±0.7,0.90%,±0.1,2.40%,±0.5,2.50%,±0.3,3.50%,±0.8,3.50%,±0.6,3.00%,±0.6,2.20%,±0.4
        Abroad,0.40%,±0.2,1.40%,±0.3,0.40%,±0.2,1.30%,±0.3,1.00%,±0.3,1.60%,±0.2,1.60%,±0.4,1.20%,±0.3,0.40%,±0.1,0.50%,±0.1,0.60%,±0.2,0.80%,±0.4
"PLACE OF BIRTH, CITIZENSHIP STATUS AND YEAR OF ENTRY",,,,,,,,,,,,,,,,,,,,,,,,
    Native,"551,270","±4,575","1,269,170","±17,628","849,276","±9,350","1,193,679","±13,427","642,084","±7,393","1,232,996","±16,105","1,094,394","±15,306","1,100,832","±13,734","496,731","±5,569","860,679","±7,355","652,183","±7,166","508,192","±5,122"
        Male,49.30%,±0.4,49.80%,±0.4,48.50%,±0.4,48.90%,±0.3,49.50%,±0.5,50.80%,±0.4,49.40%,±0.4,48.60%,±0.4,49.20%,±0.4,48.20%,±0.3,49.20%,±0.4,48.90%,±0.4
        Female,50.70%,±0.4,50.20%,±0.4,51.50%,±0.4,51.10%,±0.3,50.50%,±0.5,49.20%,±0.4,50.60%,±0.4,51.40%,±0.4,50.80%,±0.4,51.80%,±0.3,50.80%,±0.4,51.10%,±0.4
    Foreign born,"50,672","±4,575","683,608","±17,628","108,479","±9,350","278,289","±13,427","128,493","±7,393","1,483,944","±16,105","299,058","±15,306","395,938","±13,734","57,216","±5,569","114,317","±7,355","72,594","±7,166","45,092","±5,122"
        Male,43.10%,±3.3,46.60%,±0.7,47.60%,±2.7,48.90%,±1.2,47.10%,±2.4,46.70%,±0.4,47.80%,±1.5,48.00%,±1.0,44.40%,±3.0,46.70%,±2.1,47.50%,±3.1,46.30%,±4.4
        Female,56.90%,±3.3,53.40%,±0.7,52.40%,±2.7,51.10%,±1.2,52.90%,±2.4,53.30%,±0.4,52.20%,±1.5,52.00%,±1.0,55.60%,±3.0,53.30%,±2.1,52.50%,±3.1,53.70%,±4.4
        Foreign born; naturalized U.S. citizen,"34,684","±3,402","418,544","±13,467","60,494","±6,401","136,319","±8,330","72,159","±6,764","887,450","±13,978","151,238","±10,114","213,907","±8,285","37,506","±4,752","69,343","±4,915","39,505","±4,977","29,923","±3,706"
            Male,41.50%,±3.9,44.90%,±1.0,44.00%,±4.0,46.40%,±2.1,46.90%,±3.5,43.60%,±0.7,47.10%,±2.5,45.50%,±1.8,44.00%,±4.0,43.10%,±2.7,44.40%,±4.2,50.60%,±5.2
            Female,58.50%,±3.9,55.10%,±1.0,56.00%,±4.0,53.60%,±2.1,53.10%,±3.5,56.40%,±0.7,52.90%,±2.5,54.50%,±1.8,56.00%,±4.0,56.90%,±2.7,55.60%,±4.2,49.40%,±5.2
        Foreign born; not a U.S. citizen,"15,988","±3,709","265,064","±14,759","47,985","±6,158","141,970","±12,586","56,334","±6,778","596,494","±17,904","147,820","±12,984","182,031","±10,897","19,710","±3,353","44,974","±6,336","33,089","±5,407","15,169","±3,411"
            Male,46.50%,±7.6,49.30%,±1.7,52.10%,±4.8,51.40%,±2.1,47.30%,±4.1,51.30%,±0.9,48.60%,±2.8,51.00%,±1.8,45.20%,±6.0,52.30%,±3.4,51.20%,±5.0,37.80%,±7.1
            Female,53.50%,±7.6,50.70%,±1.7,47.90%,±4.8,48.60%,±2.1,52.70%,±4.1,48.70%,±0.9,51.40%,±2.8,49.00%,±1.8,54.80%,±6.0,47.70%,±3.4,48.80%,±5.0,62.20%,±7.1
    Population born outside the United States,"50,672","±4,575","683,608","±17,628","108,479","±9,350","278,289","±13,427","128,493","±7,393","1,483,944","±16,105","299,058","±15,306","395,938","±13,734","57,216","±5,569","114,317","±7,355","72,594","±7,166","45,092","±5,122"
        Entered 2010 or later,19.40%,±4.3,26.20%,±1.5,33.70%,±4.1,34.20%,±3.0,22.50%,±3.8,28.00%,±1.0,32.60%,±2.8,26.20%,±2.0,22.00%,±4.7,24.20%,±4.0,21.80%,±4.1,19.30%,±4.4
        Entered 2000 to 2009,21.60%,±4.5,23.90%,±1.3,24.80%,±3.8,26.90%,±2.2,28.90%,±3.7,23.80%,±0.9,26.20%,±2.1,27.70%,±1.6,24.90%,±5.1,22.20%,±3.0,29.20%,±5.1,23.60%,±5.0
        Entered before 2000,59.00%,±5.3,49.90%,±1.8,41.50%,±3.8,38.80%,±2.7,48.60%,±4.1,48.20%,±1.1,41.10%,±2.4,46.10%,±2.0,53.20%,±5.2,53.60%,±4.3,49.10%,±4.2,57.10%,±5.2
WORLD REGION OF BIRTH OF FOREIGN BORN,,,,,,,,,,,,,,,,,,,,,,,,
    Foreign-born population excluding population born at sea,"50,672","±4,575","683,608","±17,628","108,479","±9,350","278,289","±13,427","128,493","±7,393","1,483,944","±16,105","299,058","±15,306","395,938","±13,734","57,216","±5,569","114,317","±7,355","72,594","±7,166","45,092","±5,122"
        Europe,22.40%,±4.5,6.70%,±0.7,17.20%,±3.3,6.70%,±1.0,11.10%,±1.9,3.30%,±0.4,6.10%,±1.1,10.40%,±0.9,18.50%,±3.1,29.20%,±3.2,8.20%,±2.3,17.80%,±4.1
        Asia,21.50%,±3.6,8.60%,±0.7,32.80%,±3.7,19.30%,±1.4,9.30%,±1.7,2.50%,±0.2,16.30%,±1.6,9.70%,±0.8,22.70%,±2.8,21.60%,±1.8,13.90%,±2.7,18.80%,±4.5
        Africa,3.90%,±2.6,1.20%,±0.3,7.50%,±2.7,2.30%,±0.7,0.60%,±0.3,0.70%,±0.3,2.80%,±1.1,2.10%,±0.6,3.40%,±1.9,2.70%,±1.1,1.70%,±0.9,7.00%,±3.4
        Oceania,0.70%,±0.8,0.10%,±0.1,0.10%,±0.1,0.30%,±0.2,0.20%,±0.2,0.00%,±0.1,0.10%,±0.1,0.20%,±0.1,0.30%,±0.2,0.80%,±0.4,0.10%,±0.1,1.50%,±1.5
        Latin America,47.50%,±5.0,81.20%,±0.9,41.20%,±3.9,69.10%,±1.9,72.00%,±2.4,93.20%,±0.5,73.30%,±2.2,75.10%,±1.2,49.40%,±3.9,36.40%,±2.9,72.00%,±4.1,50.70%,±6.1
        Northern America,4.00%,±1.8,2.20%,±0.4,1.20%,±0.6,2.30%,±0.8,6.80%,±1.6,0.30%,±0.1,1.40%,±0.6,2.60%,±0.5,5.80%,±1.7,9.30%,±2.4,4.00%,±1.0,4.20%,±1.6
LANGUAGE SPOKEN AT HOME AND ABILITY TO SPEAK ENGLISH,,,,,,,,,,,,,,,,,,,,,,,,
    Population 5 years and over,"574,598",±497,"1,840,754",±367,"893,436",±191,"1,383,139",±366,"735,882",±451,"2,559,743",±163,"1,309,758",±5,"1,420,482",±295,"525,583",±52,"933,366",±409,"683,151",±558,"527,182",±513
        English only,88.90%,±1.0,57.10%,±1.0,84.70%,±1.1,68.50%,±0.8,76.30%,±1.0,24.00%,±0.6,62.10%,±1.1,66.70%,±1.1,82.70%,±1.2,85.60%,±0.9,76.10%,±1.0,85.50%,±0.9
        Language other than English,11.10%,±1.0,42.90%,±1.0,15.30%,±1.1,31.50%,±0.8,23.70%,±1.0,76.00%,±0.6,37.90%,±1.1,33.30%,±1.1,17.30%,±1.2,14.40%,±0.9,23.90%,±1.0,14.50%,±0.9
"            Speak English less than ""very well""",2.70%,±0.6,16.30%,±0.8,6.20%,±0.8,12.60%,±0.7,8.60%,±0.7,34.70%,±0.8,14.10%,±0.9,13.70%,±0.7,5.70%,±0.8,5.30%,±0.6,8.50%,±0.8,3.10%,±0.6
EMPLOYMENT STATUS,,,,,,,,,,,,,,,,,,,,,,,,
    Population 16 years and over,"506,159","±1,509","1,590,370","±2,932","763,188","±1,468","1,179,765","±2,122","650,385","±1,625","2,230,221","±2,866","1,121,000","±2,480","1,246,444","±1,822","454,703","±1,241","837,025","±1,537","584,373","±1,504","467,552","±1,351"
        In labor force,54.70%,±1.2,66.40%,±0.6,66.70%,±1.0,65.70%,±0.7,51.90%,±1.1,63.60%,±0.6,68.20%,±0.9,60.10%,±0.6,55.10%,±1.2,57.80%,±0.8,56.00%,±1.3,54.00%,±1.2
            Civilian labor force,54.20%,±1.2,66.30%,±0.6,64.60%,±1.2,65.20%,±0.7,51.80%,±1.1,63.50%,±0.5,68.20%,±1.0,60.00%,±0.6,54.80%,±1.2,57.60%,±0.8,56.00%,±1.3,53.90%,±1.2
                Employed,51.20%,±1.2,63.20%,±0.7,61.70%,±1.2,62.40%,±0.7,49.50%,±1.2,61.30%,±0.6,65.40%,±1.0,57.00%,±0.6,52.50%,±1.1,54.70%,±0.9,53.50%,±1.2,51.90%,±1.2
                Unemployed,3.00%,±0.6,3.20%,±0.3,3.00%,±0.4,2.80%,±0.3,2.30%,±0.5,2.20%,±0.2,2.80%,±0.3,3.10%,±0.4,2.30%,±0.5,2.90%,±0.4,2.40%,±0.4,2.00%,±0.4
                    Unemployment Rate,5.60%,±1.1,4.80%,±0.5,4.60%,±0.6,4.30%,±0.5,4.50%,±0.9,3.50%,±0.3,4.00%,±0.5,5.20%,±0.6,4.20%,±0.9,5.10%,±0.7,4.30%,±0.7,3.80%,±0.8
            Armed Forces,0.40%,±0.2,0.10%,±0.1,2.10%,±0.4,0.50%,±0.1,0.10%,±0.1,0.10%,±0.1,0.10%,±0.1,0.10%,±0.1,0.20%,±0.2,0.20%,±0.1,0.00%,±0.1,0.10%,±0.1
        Not in labor force,45.30%,±1.2,33.60%,±0.6,33.30%,±1.0,34.30%,±0.7,48.10%,±1.1,36.40%,±0.6,31.80%,±0.9,39.90%,±0.6,44.90%,±1.2,42.20%,±0.8,44.00%,±1.3,46.00%,±1.2
    Females 16 years and over,"261,054","±1,647","822,188","±2,005","398,227","±1,196","611,324","±1,532","334,233","±1,377","1,158,001","±2,074","577,421","±1,759","649,014","±1,265","236,287",±908,"440,025","±1,164","300,160","±1,216","240,749","±1,177"
        In labor force,51.20%,±1.8,62.10%,±0.9,61.80%,±1.4,60.60%,±1.0,48.20%,±1.4,58.20%,±0.8,63.40%,±1.5,54.60%,±1.0,50.50%,±1.5,54.90%,±1.2,52.20%,±1.7,50.10%,±1.7
            Civilian labor force,51.10%,±1.8,62.10%,±0.9,61.00%,±1.5,60.50%,±1.0,48.20%,±1.4,58.20%,±0.8,63.40%,±1.5,54.60%,±1.0,50.50%,±1.5,54.90%,±1.2,52.20%,±1.7,50.00%,±1.7
                Employed,47.90%,±1.8,58.90%,±1.0,58.00%,±1.6,57.60%,±1.1,45.70%,±1.4,55.90%,±0.8,60.90%,±1.5,51.40%,±1.0,48.80%,±1.4,52.90%,±1.3,49.90%,±1.7,48.20%,±1.7
                Unemployed,3.20%,±0.9,3.10%,±0.4,3.00%,±0.5,2.90%,±0.4,2.50%,±0.7,2.20%,±0.3,2.50%,±0.5,3.10%,±0.5,1.80%,±0.6,2.10%,±0.4,2.30%,±0.6,1.70%,±0.5
                    Unemployment Rate,6.20%,±1.7,5.00%,±0.7,4.90%,±0.8,4.80%,±0.7,5.20%,±1.5,3.80%,±0.4,4.00%,±0.7,5.80%,±0.8,3.50%,±1.1,3.70%,±0.7,4.30%,±1.1,3.50%,±1.0
COMMUTING TO WORK,,,,,,,,,,,,,,,,,,,,,,,,
    Workers 16 years and over,"257,007","±5,940","989,738","±10,525","480,061","±8,488","729,116","±8,816","315,690","±7,703","1,348,877","±12,995","720,725","±10,729","697,500","±8,511","235,792","±5,415","452,436","±7,928","307,439","±7,257","240,527","±5,709"
"        Car, truck, or van - drove alone",82.90%,±1.8,78.00%,±1.1,80.30%,±1.2,77.70%,±1.1,78.10%,±1.8,76.70%,±0.8,76.10%,±1.4,77.00%,±1.3,78.10%,±1.5,77.40%,±1.2,84.30%,±1.4,79.60%,±1.7
"        Car, truck, or van - carpooled",6.80%,±1.2,9.00%,±0.7,7.70%,±1.0,9.30%,±1.0,10.10%,±1.4,8.80%,±0.6,11.50%,±1.3,9.20%,±0.9,7.30%,±0.9,7.20%,±0.7,7.90%,±1.1,7.30%,±1.1
        Public transportation (excluding taxicab),0.40%,±0.2,2.60%,±0.4,1.90%,±0.4,1.00%,±0.2,0.50%,±0.3,3.80%,±0.4,2.00%,±0.4,1.70%,±0.4,0.50%,±0.3,1.60%,±0.5,0.50%,±0.4,0.90%,±0.4
        Walked,1.30%,±0.5,1.60%,±0.3,1.30%,±0.3,1.60%,±0.3,1.10%,±0.4,2.00%,±0.2,1.60%,±0.3,1.20%,±0.3,1.00%,±0.4,2.10%,±0.4,0.90%,±0.4,1.50%,±0.5
        Other means,2.30%,±0.7,2.80%,±0.4,2.80%,±0.6,2.10%,±0.3,1.90%,±0.5,3.10%,±0.4,2.20%,±0.4,2.70%,±0.5,2.60%,±0.7,3.20%,±0.7,2.40%,±0.7,3.00%,±0.7
        Worked from home,6.30%,±1.0,6.00%,±0.5,6.10%,±0.7,8.20%,±0.6,8.30%,±1.2,5.60%,±0.4,6.60%,±0.7,8.20%,±0.8,10.50%,±1.0,8.60%,±0.7,3.90%,±0.6,7.70%,±1.1
        Mean travel time to work (minutes),26.1,±1.0,29.1,±0.6,24.9,±0.5,28.8,±0.6,27.6,±0.6,32.8,±0.4,29.5,±0.7,27,±0.6,32,±0.9,25.5,±0.7,30.4,±1.2,26.1,±0.9
OCCUPATION,,,,,,,,,,,,,,,,,,,,,,,,
    Civilian employed population 16 years and over,"259,299","±5,859","1,004,830","±10,775","470,587","±9,085","735,836","±8,683","321,744","±7,536","1,366,451","±12,556","733,137","±11,166","709,866","±7,704","238,869","±5,139","457,776","±7,671","312,921","±7,047","242,595","±5,592"
"        Management, business, science, and arts occupations",40.00%,±2.0,36.10%,±0.9,36.90%,±1.5,39.70%,±1.1,33.10%,±1.9,34.40%,±0.8,37.60%,±1.3,38.50%,±1.1,38.00%,±2.0,42.20%,±1.4,28.70%,±1.6,32.50%,±1.9
        Service occupations,19.60%,±1.9,20.50%,±0.9,18.80%,±1.3,17.10%,±0.9,20.40%,±1.6,20.00%,±0.8,20.00%,±1.4,22.20%,±1.0,16.60%,±1.7,18.10%,±1.1,21.20%,±1.5,22.10%,±2.0
        Sales and office occupations,20.70%,±1.6,24.80%,±1.0,23.90%,±1.5,22.40%,±0.9,25.10%,±1.6,23.80%,±0.8,23.90%,±1.2,21.40%,±0.9,26.00%,±1.8,24.50%,±1.4,25.30%,±1.6,23.70%,±1.7
"        Natural resources, construction, and maintenance occupations",8.60%,±1.3,8.20%,±0.6,7.80%,±0.8,9.20%,±0.8,11.00%,±1.5,10.00%,±0.7,7.90%,±0.8,9.30%,±0.8,10.90%,±1.3,6.20%,±0.7,10.40%,±1.2,11.10%,±1.1
"        Production, transportation, and material moving occupations",11.10%,±1.3,10.40%,±0.7,12.60%,±1.2,11.60%,±0.8,10.40%,±1.3,11.80%,±0.7,10.70%,±0.8,8.60%,±0.7,8.40%,±1.0,8.90%,±0.8,14.40%,±1.4,10.60%,±1.4
    Male civilian employed population 16 years and over,"134,190","±4,166","520,305","±6,579","239,503","±5,060","383,791","±5,376","169,010","±5,601","718,927","±8,904","381,768","±6,110","376,067","±5,642","123,628","±3,463","225,074","±5,568","163,184","±4,083","126,465","±4,141"
"        Management, business, science, and arts occupations",38.60%,±2.4,33.10%,±1.2,33.90%,±1.8,36.60%,±1.4,28.90%,±2.4,32.00%,±1.1,34.70%,±1.7,34.90%,±1.5,31.50%,±2.5,38.80%,±2.1,25.30%,±2.2,25.90%,±2.6
        Service occupations,16.20%,±2.2,18.30%,±1.1,16.70%,±1.7,14.30%,±1.1,18.10%,±2.2,15.90%,±1.0,17.30%,±1.5,20.30%,±1.5,15.40%,±2.2,15.30%,±1.5,18.40%,±1.8,20.90%,±2.4
        Sales and office occupations,13.00%,±1.7,18.00%,±1.2,16.20%,±1.6,16.40%,±1.0,17.20%,±2.0,18.10%,±1.0,18.30%,±1.5,15.50%,±1.1,19.70%,±2.4,20.40%,±2.0,16.40%,±1.9,17.00%,±2.0
"        Natural resources, construction, and maintenance occupations",16.10%,±2.3,15.10%,±1.1,14.60%,±1.6,16.40%,±1.4,20.30%,±2.7,18.00%,±1.1,14.00%,±1.5,16.70%,±1.5,20.30%,±2.4,11.90%,±1.4,18.50%,±2.3,19.90%,±2.0
"        Production, transportation, and material moving occupations",16.20%,±2.0,15.50%,±1.3,18.60%,±1.9,16.40%,±1.3,15.60%,±2.4,16.20%,±1.0,15.70%,±1.4,12.60%,±1.2,13.10%,±1.7,13.60%,±1.4,21.40%,±2.2,16.40%,±2.2
    Female civilian employed population 16 years and over,"125,109","±4,447","484,525","±8,082","231,084","±6,121","352,045","±6,745","152,734","±4,599","647,524","±9,337","351,369","±8,818","333,799","±6,014","115,241","±3,380","232,702","±5,455","149,737","±5,131","116,130","±4,126"
"        Management, business, science, and arts occupations",41.50%,±3.4,39.40%,±1.3,40.00%,±2.2,43.10%,±1.5,37.70%,±2.6,37.00%,±1.1,40.70%,±1.8,42.40%,±1.5,44.90%,±2.6,45.40%,±1.8,32.50%,±2.2,39.80%,±2.6
        Service occupations,23.20%,±2.9,22.90%,±1.6,20.90%,±1.8,20.10%,±1.4,22.90%,±2.4,24.60%,±1.2,22.80%,±1.9,24.40%,±1.4,18.00%,±2.0,20.90%,±1.6,24.20%,±2.2,23.40%,±2.8
        Sales and office occupations,28.90%,±2.7,32.00%,±1.5,31.80%,±2.3,29.00%,±1.5,33.90%,±2.4,30.20%,±1.1,30.00%,±1.6,28.10%,±1.5,32.80%,±3.0,28.50%,±1.9,35.10%,±2.6,31.00%,±2.6
"        Natural resources, construction, and maintenance occupations",0.70%,±0.5,0.70%,±0.3,0.80%,±0.4,1.40%,±0.3,0.80%,±0.6,1.20%,±0.3,1.20%,±0.4,1.10%,±0.4,0.90%,±0.5,0.70%,±0.4,1.50%,±0.7,1.50%,±0.7
"        Production, transportation, and material moving occupations",5.70%,±1.3,5.00%,±0.7,6.40%,±1.4,6.30%,±0.9,4.70%,±1.1,6.90%,±0.8,5.30%,±0.9,4.00%,±0.6,3.40%,±0.9,4.50%,±0.8,6.80%,±1.5,4.30%,±1.1
INDUSTRY,,,,,,,,,,,,,,,,,,,,,,,,
    Civilian employed population 16 years and over,"259,299","±5,859","1,004,830","±10,775","470,587","±9,085","735,836","±8,683","321,744","±7,536","1,366,451","±12,556","733,137","±11,166","709,866","±7,704","238,869","±5,139","457,776","±7,671","312,921","±7,047","242,595","±5,592"
"        Agriculture, forestry, fishing and hunting, and mining",0.50%,±0.2,0.30%,±0.2,0.30%,±0.2,1.20%,±0.3,0.60%,±0.2,0.70%,±0.2,0.50%,±0.2,1.20%,±0.3,0.50%,±0.2,0.20%,±0.1,1.10%,±0.4,0.90%,±0.4
        Construction,7.50%,±1.3,7.10%,±0.5,7.30%,±0.9,8.80%,±0.8,12.20%,±1.4,8.40%,±0.5,7.50%,±0.8,8.50%,±0.8,9.90%,±1.3,5.80%,±0.7,8.20%,±1.2,8.90%,±1.1
        Manufacturing,12.00%,±1.4,4.60%,±0.5,5.10%,±0.7,6.00%,±0.6,3.70%,±0.7,4.10%,±0.4,4.80%,±0.6,4.20%,±0.5,4.30%,±0.7,6.10%,±0.7,4.90%,±0.8,4.80%,±0.9
        Wholesale trade,1.80%,±0.5,3.30%,±0.4,2.70%,±0.6,2.90%,±0.3,1.90%,±0.4,3.50%,±0.3,2.60%,±0.4,2.50%,±0.4,2.10%,±0.5,2.60%,±0.5,2.50%,±0.7,2.80%,±0.8
        Retail trade,12.20%,±1.5,12.50%,±0.7,11.40%,±0.9,10.70%,±0.7,14.30%,±1.5,12.10%,±0.6,12.00%,±1.0,12.10%,±0.9,15.10%,±1.6,12.30%,±1.0,14.10%,±1.3,14.00%,±1.5
"        Transportation and warehousing, and utilities",4.60%,±0.9,6.80%,±0.5,7.40%,±0.9,5.40%,±0.6,5.00%,±1.0,8.90%,±0.6,5.90%,±0.7,5.00%,±0.5,5.10%,±0.7,3.40%,±0.5,7.30%,±0.9,4.20%,±0.8
        Information,1.20%,±0.4,2.10%,±0.3,1.30%,±0.4,1.30%,±0.2,1.40%,±0.4,1.90%,±0.2,2.00%,±0.4,1.80%,±0.4,1.50%,±0.4,2.10%,±0.4,1.10%,±0.4,1.40%,±0.5
"        Finance and insurance, and real estate and rental and leasing",5.00%,±0.9,8.00%,±0.6,10.70%,±1.0,10.40%,±0.8,6.50%,±1.0,7.40%,±0.4,7.40%,±0.8,7.50%,±0.6,8.40%,±0.9,9.30%,±0.8,6.90%,±0.9,7.70%,±1.1
"        Professional, scientific, and management, and administrative and waste management services",14.10%,±1.6,14.10%,±0.9,13.20%,±1.2,14.70%,±0.9,13.00%,±1.1,13.60%,±0.6,13.40%,±0.8,15.20%,±1.0,12.30%,±1.2,15.00%,±1.0,10.30%,±1.0,11.20%,±1.3
"        Educational services, and health care and social assistance",20.30%,±1.8,20.80%,±0.9,19.90%,±1.3,21.90%,±1.1,21.40%,±1.5,19.90%,±0.6,18.30%,±1.0,22.40%,±1.0,22.10%,±1.5,23.20%,±1.1,18.80%,±1.3,21.70%,±1.5
"        Arts, entertainment, and recreation, and accommodation and food services",10.00%,±1.1,10.90%,±0.7,11.20%,±1.2,10.00%,±0.8,11.50%,±1.4,11.00%,±0.7,18.70%,±1.3,11.30%,±0.9,10.30%,±1.1,11.80%,±1.0,16.50%,±1.5,12.20%,±1.4
        Other services (except public administration),4.80%,±1.0,5.20%,±0.5,5.30%,±0.7,4.00%,±0.4,5.60%,±0.9,5.70%,±0.4,4.00%,±0.6,5.50%,±0.5,4.80%,±0.7,5.20%,±0.6,4.80%,±0.9,6.50%,±1.2
        Public administration,5.90%,±0.9,4.30%,±0.4,4.20%,±0.6,2.70%,±0.3,3.10%,±0.6,2.90%,±0.3,3.00%,±0.5,2.90%,±0.4,3.70%,±0.7,3.10%,±0.5,3.50%,±0.6,3.70%,±0.7
CLASS OF WORKER,,,,,,,,,,,,,,,,,,,,,,,,
    Civilian employed population 16 years and over,"259,299","±5,859","1,004,830","±10,775","470,587","±9,085","735,836","±8,683","321,744","±7,536","1,366,451","±12,556","733,137","±11,166","709,866","±7,704","238,869","±5,139","457,776","±7,671","312,921","±7,047","242,595","±5,592"
        Private wage and salary workers,82.40%,±1.4,83.20%,±0.8,84.70%,±1.0,85.10%,±0.8,83.60%,±1.4,83.30%,±0.7,86.10%,±1.1,83.00%,±0.8,82.50%,±1.7,84.30%,±1.0,85.50%,±1.2,82.90%,±1.5
        Government workers,13.40%,±1.3,10.30%,±0.5,10.60%,±0.9,9.80%,±0.7,11.00%,±1.2,8.60%,±0.5,8.50%,±0.9,10.30%,±0.7,10.90%,±1.3,9.60%,±0.8,10.60%,±1.1,10.10%,±1.1
        Self-employed workers in own not incorporated business,4.10%,±0.7,6.30%,±0.6,4.50%,±0.6,5.00%,±0.5,5.40%,±0.9,7.90%,±0.5,5.10%,±0.6,6.40%,±0.6,6.50%,±1.1,5.60%,±0.7,3.80%,±0.6,6.80%,±1.0
        Unpaid family workers,0.10%,±0.1,0.20%,±0.2,0.30%,±0.2,0.10%,±0.1,0.10%,±0.1,0.20%,±0.1,0.30%,±0.2,0.20%,±0.1,0.10%,±0.1,0.40%,±0.2,0.10%,±0.1,0.20%,±0.1
INCOME IN THE PAST 12 MONTHS (IN 2019 INFLATION-ADJUSTED DOLLARS),,,,,,,,,,,,,,,,,,,,,,,,
    Households,"230,043","±4,772","705,472","±7,707","368,668","±4,596","541,584","±4,189","286,887","±5,798","912,805","±5,898","457,949","±6,978","568,915","±6,021","212,856","±4,410","395,286","±6,581","238,629","±5,267","219,451","±3,752"
        Median household income (dollars),"57,305","±2,633","61,502","±1,115","58,415","±2,395","61,154","±1,127","62,240","±1,875","55,171","±1,246","63,461","±1,954","66,623","±1,292","55,828","±2,206","56,737","±1,299","51,833","±1,157","53,766","±2,548"
        With earnings,66.40%,±1.5,79.50%,±0.7,80.50%,±1.1,79.60%,±0.7,62.90%,±1.2,80.40%,±0.6,85.10%,±1.0,70.00%,±0.8,67.70%,±1.3,68.90%,±0.9,68.60%,±1.4,67.20%,±1.4
            Mean earnings (dollars),"78,233","±3,027","90,138","±2,539","79,336","±2,453","86,418","±1,925","80,415","±3,650","84,998","±1,903","86,673","±2,886","96,142","±2,249","78,133","±3,112","84,920","±2,870","67,752","±2,445","69,648","±2,884"
        With Social Security income,45.90%,±1.5,31.60%,±0.6,25.70%,±0.9,28.50%,±0.8,47.70%,±1.2,30.10%,±0.6,24.80%,±0.8,41.50%,±0.8,42.00%,±1.1,41.90%,±0.8,43.20%,±1.2,44.90%,±1.3
            Mean Social Security income (dollars),"20,947",±655,"18,373",±414,"18,996",±624,"19,048",±425,"23,695",±512,"15,648",±281,"18,610",±524,"21,419",±416,"20,765",±608,"20,027",±480,"20,622",±549,"20,616",±527
        With Supplemental Security Income,3.70%,±0.6,3.90%,±0.3,4.80%,±0.8,5.00%,±0.5,4.30%,±0.7,7.50%,±0.5,5.00%,±0.8,3.50%,±0.4,5.80%,±0.8,3.90%,±0.5,5.00%,±0.6,4.90%,±0.8
            Mean Supplemental Security Income (dollars),"11,094","±1,331","8,692",±582,"8,919",±555,"9,627",±706,"10,202",±938,"7,988",±331,"9,932",±700,"10,926",±825,"11,378",±993,"10,082",±912,"9,899",±923,"9,017",±830
        With cash public assistance income,1.70%,±0.5,1.70%,±0.3,3.50%,±0.6,1.60%,±0.3,1.20%,±0.4,3.10%,±0.3,2.10%,±0.4,1.50%,±0.3,2.30%,±0.6,2.20%,±0.5,2.10%,±0.5,1.60%,±0.4
            Mean cash public assistance income (dollars),"1,811",±372,"2,132",±382,"3,118",±546,"2,536",±489,"2,475",±742,"1,751",±211,"2,112",±626,"3,276",±837,"4,269","±2,600","3,216",±761,"1,751",±282,"3,490","±1,123"
        With retirement income,37.80%,±1.8,19.10%,±0.7,21.10%,±1.0,20.20%,±0.6,37.40%,±1.3,11.60%,±0.5,16.60%,±1.0,27.10%,±1.0,30.00%,±1.5,30.90%,±1.1,27.80%,±1.3,31.20%,±1.3
            Mean retirement income (dollars),"27,696","±1,551","26,853","±1,564","26,793","±1,551","27,226","±1,484","36,104","±2,578","27,486","±2,912","26,051","±1,953","32,949","±1,572","25,073","±1,542","27,041","±1,280","24,003","±1,558","26,639","±1,864"
        With Food Stamp/SNAP benefits,8.60%,±1.1,11.30%,±0.7,11.90%,±1.0,11.40%,±0.8,6.90%,±0.9,21.70%,±0.9,12.90%,±1.0,9.10%,±0.7,11.10%,±0.9,8.30%,±0.8,13.80%,±1.3,12.20%,±1.5
    Families,"137,134","±5,346","444,716","±9,013","221,195","±6,133","332,328","±5,968","188,967","±5,997","633,834","±8,776","304,654","±7,656","354,512","±7,235","144,328","±4,432","217,626","±5,323","158,793","±5,478","138,066","±5,171"
        Median family income (dollars),"74,025","±2,968","73,848","±2,165","69,956","±2,642","74,380","±1,923","74,882","±2,708","61,413","±1,303","72,065","±1,509","81,212","±1,956","69,590","±2,563","79,797","±2,443","60,761","±1,430","65,904","±2,088"
            Married-couple family,80.10%,±1.9,66.30%,±1.4,66.70%,±2.1,70.10%,±1.3,78.70%,±1.7,63.10%,±1.1,69.10%,±1.6,73.00%,±1.4,73.90%,±1.9,75.70%,±1.3,71.00%,±2.0,73.30%,±2.0
        Median income (dollars),"83,991","±2,974","91,638","±1,977","86,764","±2,724","94,284","±2,445","84,111","±3,511","76,831","±2,015","89,788","±2,345","100,104","±3,094","81,248","±2,948","90,419","±2,269","71,464","±3,502","75,888","±2,802"
"            Male householder, no spouse present, family",5.40%,±1.0,9.50%,±0.9,9.40%,±1.2,8.60%,±0.9,7.60%,±1.2,10.80%,±0.6,8.00%,±1.2,9.10%,±0.9,7.90%,±1.4,6.50%,±0.9,8.70%,±1.3,9.30%,±1.4
        Median income (dollars),"56,017","±13,792","54,978","±8,568","52,385","±10,434","51,104","±7,156","47,103","±8,049","55,132","±4,279","52,710","±7,414","59,510","±4,385","53,583","±6,945","46,807","±7,415","50,388","±7,752","46,551","±4,626"
"            Female householder, no husband present, family",14.40%,±1.7,24.20%,±1.2,23.90%,±1.8,21.30%,±1.3,13.60%,±1.3,26.10%,±1.0,22.90%,±1.4,17.90%,±1.2,18.10%,±1.7,17.80%,±1.2,20.30%,±1.8,17.40%,±1.8
        Median income (dollars),"40,449","±4,826","45,471","±2,404","37,265","±3,770","41,799","±2,288","39,630","±5,573","38,633","±4,125","42,078","±2,349","44,574","±3,719","40,122","±4,222","45,113","±3,771","34,411","±5,046","41,082","±3,921"
    Individuals,"601,942",*****,"1,952,778",*****,"957,755",*****,"1,471,968",*****,"770,577",*****,"2,716,940",*****,"1,393,452",*****,"1,496,770",*****,"553,947",*****,"974,996",*****,"724,777",*****,"553,284",*****
        Per capita income (dollars),"32,667","±1,015","34,357",±782,"31,984",±960,"32,998",±585,"35,715","±1,041","29,760",±633,"31,433",±920,"40,888",±847,"29,872",±952,"36,469",±963,"25,281",±732,"29,623","±1,035"
"        With earnings for full-time, year-round workers:",,,,,,,,,,,,,,,,,,,,,,,,
            Male,"104,433","±4,609","405,151","±7,858","204,320","±5,900","308,775","±6,800","126,050","±5,598","600,004","±9,435","301,537","±7,101","290,005","±6,375","98,939","±3,961","168,186","±5,982","128,838","±4,774","95,946","±4,492"
            Female,"81,047","±4,582","337,737","±8,085","165,088","±6,062","251,722","±7,181","99,158","±4,068","477,427","±9,894","246,014","±8,458","215,561","±7,317","78,973","±3,515","159,456","±6,566","103,838","±5,308","77,255","±3,796"
"        Mean earnings (dollars)  for full-time, year-round workers:",,,,,,,,,,,,,,,,,,,,,,,,
            Male,"67,787","±3,839","71,271","±2,912","65,219","±2,851","69,929","±2,181","64,550","±3,453","61,558","±1,673","66,093","±2,775","76,762","±2,341","63,329","±3,700","74,331","±3,500","53,133","±2,250","58,374","±4,168"
            Female,"50,669","±3,055","51,589","±1,584","49,075","±2,356","50,616","±1,304","48,234","±2,655","45,169","±1,066","48,211","±1,935","53,850","±1,444","51,413","±2,240","53,719","±2,014","38,758","±1,581","45,854","±2,803"
"        Median earnings (dollars) full-time, year-round workers:",,,,,,,,,,,,,,,,,,,,,,,,
            Male,"50,448","±2,172","45,741","±1,174","46,949","±1,689","47,956","±2,319","42,207","±1,800","40,317",±618,"43,348","±2,401","49,155","±3,314","48,744","±2,663","50,064","±1,668","40,337","±1,891","41,287","±1,615"
            Female,"39,865","±2,637","40,085",±994,"38,058","±2,330","40,477",±918,"40,175","±2,138","32,474","±1,107","36,197","±1,182","41,530",±891,"42,313","±1,906","42,475","±1,539","32,183",±897,"35,772","±2,014"
HEALTH INSURANCE COVERAGE,,,,,,,,,,,,,,,,,,,,,,,,
    Civilian noninstitutionalized population,"596,398","±1,096","1,941,114","±1,573","933,533","±3,413","1,459,415","±1,698","765,673","±2,367","2,696,151","±2,420","1,382,152","±1,628","1,483,317","±2,384","548,036","±1,056","962,616","±1,428","716,526","±1,615","547,881",±973
        With private health insurance,67.00%,±1.6,62.10%,±1.1,65.20%,±1.7,63.70%,±1.2,63.50%,±1.6,54.40%,±0.8,65.30%,±1.3,62.30%,±1.1,59.60%,±1.9,64.60%,±1.3,57.80%,±1.6,61.80%,±1.6
        With public coverage,40.10%,±1.5,30.30%,±0.7,32.40%,±1.3,31.90%,±1.0,44.30%,±1.2,33.20%,±0.6,28.60%,±0.9,37.20%,±0.7,40.60%,±1.5,38.10%,±1.0,41.20%,±1.3,40.90%,±1.2
        No health insurance coverage,10.60%,±1.0,15.30%,±0.9,12.70%,±1.0,13.10%,±0.7,12.20%,±1.3,16.30%,±0.7,13.40%,±1.1,13.90%,±0.8,12.90%,±1.2,11.40%,±0.8,13.90%,±1.2,13.20%,±1.1
POVERTY RATES FOR FAMILIES AND PEOPLE FOR WHOM POVERTY STATUS IS DETERMINED,,,,,,,,,,,,,,,,,,,,,,,,
    All families,5.30%,±1.2,9.30%,±0.9,10.10%,±1.4,9.20%,±0.9,7.50%,±1.1,12.00%,±0.8,9.30%,±1.1,7.80%,±0.9,8.20%,±1.3,6.10%,±0.9,9.50%,±1.5,8.90%,±1.4
        With related children of the householder under 18 years,9.80%,±2.7,13.20%,±1.5,16.30%,±2.6,14.70%,±1.7,15.40%,±2.9,16.20%,±1.4,14.00%,±2.0,12.50%,±1.5,15.00%,±3.0,10.80%,±2.4,17.80%,±3.4,16.40%,±2.8
            With related children of the householder under 5 years only,16.70%,±9.6,12.20%,±3.8,11.20%,±6.1,9.20%,±3.2,16.50%,±7.0,16.40%,±4.2,9.20%,±4.2,9.00%,±3.1,22.90%,±8.3,10.10%,±5.2,22.20%,±9.2,21.50%,±10.1
        Married-couple family,3.80%,±1.1,6.00%,±0.9,4.90%,±1.1,4.50%,±0.9,3.90%,±0.9,7.60%,±0.7,4.80%,±1.2,4.80%,±0.8,3.40%,±0.8,3.10%,±0.6,5.10%,±1.3,4.00%,±1.1
            With related children of the householder under 18 years,7.90%,±3.4,6.00%,±1.5,5.40%,±2.3,6.50%,±1.8,6.50%,±2.8,8.30%,±1.3,6.50%,±2.0,6.40%,±1.4,4.80%,±1.8,3.30%,±1.7,10.00%,±3.6,4.70%,±2.2
                With related children of the householder under 5 years only,11.90%,±10.6,1.90%,±1.2,N,N,1.30%,±1.1,9.80%,±9.2,7.90%,±4.9,N,N,5.60%,±3.6,N,N,7.00%,±5.6,11.50%,±10.4,N,N
"        Female householder, no spouse present, family",13.00%,±4.4,18.30%,±2.3,23.50%,±3.4,23.30%,±3.5,27.20%,±5.6,22.90%,±2.2,21.60%,±3.3,17.60%,±2.8,22.80%,±5.4,16.00%,±3.3,24.60%,±4.7,22.10%,±4.9
            With related children of the householder under 18 years,17.90%,±6.1,26.80%,±3.7,32.20%,±4.8,31.30%,±4.7,38.10%,±7.6,31.80%,±3.4,30.40%,±5.4,26.10%,±4.4,32.40%,±8.6,26.60%,±6.3,33.40%,±7.0,36.40%,±8.2
                With related children of the householder under 5 years only,37.90%,±20.0,33.70%,±11.2,26.90%,±12.9,35.20%,±11.4,38.80%,±18.7,36.40%,±8.2,32.60%,±16.7,22.10%,±9.8,54.40%,±20.3,25.40%,±15.5,40.90%,±18.7,46.80%,±20.4
    All people,8.70%,±1.3,12.20%,±0.9,13.60%,±1.2,13.50%,±1.0,11.30%,±1.1,15.60%,±0.8,12.60%,±1.2,11.40%,±0.8,11.30%,±1.2,11.20%,±1.0,14.00%,±1.5,12.90%,±1.5
        Under 18 years,10.10%,±2.7,16.30%,±2.1,19.40%,±2.8,18.40%,±2.1,19.10%,±3.6,20.50%,±2.0,18.10%,±2.7,15.90%,±2.4,16.70%,±3.4,13.10%,±3.2,21.20%,±3.7,19.90%,±4.2
            Related children of the householder under 18 years,10.10%,±2.7,16.10%,±2.1,19.30%,±2.8,18.00%,±2.1,18.80%,±3.6,20.30%,±1.9,17.70%,±2.7,15.70%,±2.4,16.40%,±3.4,12.70%,±3.2,20.80%,±3.7,19.70%,±4.2
                Related children of the householder under 5 years,14.20%,±5.1,16.70%,±4.0,18.60%,±4.3,18.30%,±2.9,23.60%,±7.4,24.10%,±3.6,18.10%,±3.9,17.80%,±3.5,22.60%,±6.3,11.80%,±4.3,29.40%,±6.8,26.10%,±6.9
                Related children of the householder 5 to 17 years,8.70%,±2.9,15.80%,±2.2,19.60%,±3.2,17.90%,±2.5,17.20%,±3.4,18.80%,±1.8,17.60%,±3.1,15.00%,±2.5,14.40%,±3.3,13.10%,±3.6,17.80%,±3.5,17.40%,±4.4
        18 years and over,8.40%,±1.2,11.10%,±0.7,11.90%,±1.0,12.20%,±0.9,9.70%,±0.9,14.30%,±0.8,11.00%,±1.0,10.30%,±0.7,9.90%,±0.9,10.90%,±0.8,12.00%,±1.2,11.40%,±1.3
            18 to 64 years,9.00%,±1.5,10.30%,±0.8,11.50%,±1.1,12.00%,±0.9,11.20%,±1.3,12.40%,±0.8,10.90%,±1.1,10.50%,±0.9,10.00%,±1.1,10.70%,±1.0,12.90%,±1.4,12.50%,±1.5
            65 years and over,7.00%,±1.5,14.20%,±1.3,13.50%,±1.8,13.00%,±1.4,6.90%,±1.2,21.70%,±1.5,11.40%,±1.9,9.80%,±1.1,9.80%,±1.4,11.40%,±1.2,9.50%,±1.5,8.70%,±1.7
        People in families,5.90%,±1.3,9.60%,±1.0,11.10%,±1.5,10.30%,±1.1,9.30%,±1.3,12.30%,±0.9,10.20%,±1.4,8.70%,±1.0,8.70%,±1.4,6.90%,±1.1,11.50%,±1.8,9.80%,±1.7
        Unrelated individuals 15 years and over,18.90%,±2.5,22.10%,±1.5,21.90%,±1.6,24.50%,±1.6,19.70%,±2.4,31.90%,±1.4,22.00%,±1.7,20.90%,±1.6,24.00%,±2.7,23.10%,±1.6,24.80%,±2.5,23.70%,±3.0
HOUSING TENURE,,,,,,,,,,,,,,,,,,,,,,,,
    Occupied housing units,"230,043","±4,772","705,472","±7,707","368,668","±4,596","541,584","±4,189","286,887","±5,798","912,805","±5,898","457,949","±6,978","568,915","±6,021","212,856","±4,410","395,286","±6,581","238,629","±5,267","219,451","±3,752"
        Owner-occupied housing units,77.50%,±1.6,62.20%,±1.0,57.00%,±1.4,59.90%,±0.9,75.50%,±1.3,50.40%,±0.8,57.30%,±1.5,69.50%,±1.1,74.90%,±1.6,68.90%,±1.2,69.30%,±1.5,71.60%,±1.6
        Renter-occupied housing units,22.50%,±1.6,37.80%,±1.0,43.00%,±1.4,40.10%,±0.9,24.50%,±1.3,49.60%,±0.8,42.70%,±1.5,30.50%,±1.1,25.10%,±1.6,31.10%,±1.2,30.70%,±1.5,28.40%,±1.6
        Average household size of owner-occupied unit,2.61,±0.06,2.75,±0.04,2.62,±0.06,2.76,±0.04,2.56,±0.05,3.11,±0.04,3.04,±0.07,2.5,±0.04,2.58,±0.07,2.46,±0.05,2.87,±0.08,2.46,±0.06
        Average household size of renter-occupied unit,2.52,±0.15,2.73,±0.07,2.42,±0.07,2.56,±0.06,2.93,±0.13,2.75,±0.04,2.9,±0.07,2.81,±0.08,2.55,±0.12,2.32,±0.09,3.23,±0.17,2.51,±0.13
UNITS IN STRUCTURE,,,,,,,,,,,,,,,,,,,,,,,,
    Occupied housing units,"230,043","±4,772","705,472","±7,707","368,668","±4,596","541,584","±4,189","286,887","±5,798","912,805","±5,898","457,949","±6,978","568,915","±6,021","212,856","±4,410","395,286","±6,581","238,629","±5,267","219,451","±3,752"
"        1-unit, detached or attached",74.20%,±1.4,52.50%,±1.0,67.40%,±1.7,65.60%,±1.0,68.70%,±1.3,52.60%,±0.9,65.10%,±1.3,62.00%,±1.0,73.90%,±1.6,58.10%,±1.1,66.40%,±1.5,73.10%,±1.4
        2 to 4 units,4.10%,±0.7,7.50%,±0.6,5.20%,±0.8,4.80%,±0.5,6.90%,±0.8,5.20%,±0.4,5.90%,±0.6,8.90%,±0.6,2.60%,±0.6,6.80%,±0.8,5.00%,±0.7,4.70%,±1.0
        5 or more units,15.00%,±1.2,37.40%,±1.0,22.90%,±1.4,23.00%,±0.9,16.00%,±1.1,40.80%,±0.8,25.20%,±1.3,26.10%,±0.8,8.20%,±1.1,27.40%,±1.1,9.30%,±1.0,13.80%,±1.2
"        Mobile home, boat, RV, van, etc.",6.70%,±0.8,2.60%,±0.3,4.40%,±0.7,6.60%,±0.5,8.40%,±0.9,1.40%,±0.2,3.80%,±0.6,3.00%,±0.3,15.40%,±1.1,7.80%,±0.7,19.30%,±1.4,8.30%,±0.9
YEAR STRUCTURE BUILT,,,,,,,,,,,,,,,,,,,,,,,,
    Occupied housing units,"230,043","±4,772","705,472","±7,707","368,668","±4,596","541,584","±4,189","286,887","±5,798","912,805","±5,898","457,949","±6,978","568,915","±6,021","212,856","±4,410","395,286","±6,581","238,629","±5,267","219,451","±3,752"
        Built 2014 or later,3.70%,±0.7,3.10%,±0.3,5.40%,±0.9,7.70%,±0.6,6.50%,±0.7,4.70%,±0.4,7.90%,±0.8,3.90%,±0.4,7.00%,±0.9,2.20%,±0.4,7.30%,±0.9,4.30%,±0.7
        Built 2010 to 2013,1.70%,±0.4,1.80%,±0.3,2.60%,±0.5,4.20%,±0.5,2.80%,±0.5,1.90%,±0.3,4.30%,±0.7,2.00%,±0.4,2.70%,±0.6,1.20%,±0.3,2.40%,±0.5,2.30%,±0.6
        Built 2000 to 2009,21.60%,±1.8,10.60%,±0.7,19.10%,±1.5,18.50%,±0.9,31.60%,±1.4,10.80%,±0.5,19.20%,±1.0,15.40%,±0.8,23.30%,±1.4,6.10%,±0.6,22.70%,±1.7,16.80%,±1.5
        Built 1980 to 1999,40.90%,±1.9,35.70%,±0.9,30.60%,±1.5,36.40%,±1.2,35.30%,±1.8,28.70%,±0.8,39.30%,±1.4,45.00%,±1.1,34.60%,±1.4,29.00%,±1.0,34.60%,±1.7,41.40%,±1.8
        Built 1960 to 1979,25.00%,±1.6,37.80%,±0.9,22.10%,±1.2,21.70%,±0.9,20.30%,±1.3,31.60%,±0.9,18.90%,±1.0,25.50%,±0.9,28.00%,±1.3,39.90%,±1.1,20.90%,±1.4,24.70%,±1.5
        Built 1940 to 1959,6.60%,±1.0,10.10%,±0.5,15.50%,±1.1,8.70%,±0.6,2.90%,±0.6,19.00%,±0.7,9.00%,±0.6,6.60%,±0.5,3.40%,±0.7,18.60%,±0.8,9.00%,±1.0,8.50%,±1.0
        Built 1939 or earlier,0.40%,±0.2,1.00%,±0.2,4.70%,±0.6,2.90%,±0.4,0.60%,±0.3,3.20%,±0.3,1.40%,±0.3,1.50%,±0.3,0.90%,±0.3,3.00%,±0.4,3.10%,±0.5,2.00%,±0.5
VEHICLES AVAILABLE,,,,,,,,,,,,,,,,,,,,,,,,
    Occupied housing units,"230,043","±4,772","705,472","±7,707","368,668","±4,596","541,584","±4,189","286,887","±5,798","912,805","±5,898","457,949","±6,978","568,915","±6,021","212,856","±4,410","395,286","±6,581","238,629","±5,267","219,451","±3,752"
        None,4.20%,±0.6,7.70%,±0.6,7.30%,±0.9,6.10%,±0.6,4.40%,±0.8,10.20%,±0.6,4.50%,±0.5,5.80%,±0.5,5.30%,±0.8,7.10%,±0.7,5.00%,±0.7,5.80%,±0.9
        1 or more,95.80%,±0.6,92.30%,±0.6,92.70%,±0.9,93.90%,±0.6,95.60%,±0.8,89.80%,±0.6,95.50%,±0.5,94.20%,±0.5,94.70%,±0.8,92.90%,±0.7,95.00%,±0.7,94.20%,±0.9
HOUSE HEATING FUEL,,,,,,,,,,,,,,,,,,,,,,,,
    Occupied housing units,"230,043","±4,772","705,472","±7,707","368,668","±4,596","541,584","±4,189","286,887","±5,798","912,805","±5,898","457,949","±6,978","568,915","±6,021","212,856","±4,410","395,286","±6,581","238,629","±5,267","219,451","±3,752"
        Gas,9.30%,±0.9,2.30%,±0.3,3.20%,±0.5,5.90%,±0.4,2.20%,±0.4,2.80%,±0.3,4.90%,±0.6,3.50%,±0.3,5.70%,±0.7,4.70%,±0.5,3.30%,±0.5,5.30%,±0.8
        Electricity,89.10%,±1.0,94.00%,±0.4,95.60%,±0.6,92.90%,±0.5,95.70%,±0.6,93.20%,±0.4,93.20%,±0.7,93.60%,±0.5,92.60%,±0.8,93.10%,±0.6,95.30%,±0.5,93.40%,±0.8
        All other fuels,0.60%,±0.3,0.20%,±0.1,0.40%,±0.1,0.30%,±0.1,0.30%,±0.1,0.20%,±0.1,0.90%,±0.3,0.40%,±0.1,0.70%,±0.2,0.70%,±0.2,0.60%,±0.2,0.50%,±0.1
        No fuel used,1.00%,±0.3,3.50%,±0.3,0.80%,±0.2,0.90%,±0.2,1.80%,±0.4,3.80%,±0.3,1.00%,±0.3,2.50%,±0.3,1.00%,±0.3,1.60%,±0.3,0.80%,±0.2,0.80%,±0.3
SELECTED CHARACTERISTICS,,,,,,,,,,,,,,,,,,,,,,,,
    Occupied housing units,"230,043","±4,772","705,472","±7,707","368,668","±4,596","541,584","±4,189","286,887","±5,798","912,805","±5,898","457,949","±6,978","568,915","±6,021","212,856","±4,410","395,286","±6,581","238,629","±5,267","219,451","±3,752"
        No telephone service available,1.00%,±0.3,0.70%,±0.2,1.20%,±0.4,0.80%,±0.2,0.80%,±0.3,2.40%,±0.3,1.00%,±0.5,1.00%,±0.2,1.00%,±0.3,0.70%,±0.2,2.00%,±0.6,0.80%,±0.3
        1.01 or more occupants per room,1.50%,±0.6,4.10%,±0.4,2.40%,±0.7,2.60%,±0.4,2.40%,±0.5,6.50%,±0.5,3.90%,±0.7,2.70%,±0.3,1.20%,±0.5,1.50%,±0.3,2.60%,±0.6,1.70%,±0.5
SELECTED MONTHLY OWNER COSTS AS A PERCENTAGE OF HOUSEHOLD INCOME IN THE PAST 12 MONTHS,,,,,,,,,,,,,,,,,,,,,,,,
    Housing units with a mortgage (excluding units where SMOC cannot be computed),"96,824","±4,304","250,943","±7,761","141,942","±5,258","206,742","±5,327","109,016","±4,313","276,765","±7,803","177,456","±6,982","210,350","±6,128","89,470","±4,458","141,143","±4,900","86,140","±4,172","84,285","±4,213"
        Less than 30 percent,67.70%,±3.3,60.70%,±1.9,73.10%,±2.6,70.70%,±2.0,69.90%,±2.3,55.70%,±1.7,68.30%,±2.2,64.60%,±1.8,70.30%,±2.8,70.30%,±2.1,69.00%,±3.1,66.70%,±3.0
        30 percent or more,32.30%,±3.3,39.30%,±1.9,26.90%,±2.6,29.30%,±2.0,30.10%,±2.3,44.30%,±1.7,31.70%,±2.2,35.40%,±1.8,29.70%,±2.8,29.70%,±2.1,31.00%,±3.1,33.30%,±3.0
OWNER CHARACTERISTICS,,,,,,,,,,,,,,,,,,,,,,,,
    Owner-occupied housing units,"178,306","±5,535","438,749","±7,987","210,184","±5,383","324,271","±5,661","216,615","±5,100","459,877","±7,333","262,330","±7,448","395,678","±6,455","159,385","±4,346","272,491","±6,481","165,489","±4,502","157,050","±3,996"
        Median value (dollars),"228,500","±5,402","300,400","±6,018","207,600","±5,768","244,100","±3,695","244,700","±5,637","330,500","±4,647","266,700","±4,944","311,300","±6,055","192,200","±6,149","231,400","±5,152","175,400","±5,272","208,500","±5,783"
        Median selected monthly owner costs with a mortgage (dollars),"1,347",±34,"1,912",±37,"1,426",±34,"1,583",±29,"1,470",±30,"1,874",±36,"1,590",±41,"1,824",±38,"1,403",±42,"1,532",±36,"1,250",±36,"1,265",±43
        Median selected monthly owner costs without a mortgage (dollars),453,±16,647,±15,464,±20,478,±14,584,±20,632,±18,530,±20,684,±14,414,±15,546,±13,412,±17,464,±17
GROSS RENT AS A PERCENTAGE OF HOUSEHOLD INCOME IN THE PAST 12 MONTHS,,,,,,,,,,,,,,,,,,,,,,,,
    Occupied units paying rent (excluding units where GRAPI cannot be computed),"48,633","±3,710","254,608","±8,402","148,209","±5,944","202,979","±5,615","66,384","±4,298","430,270","±8,265","187,590","±7,135","164,103","±6,478","50,305","±3,862","115,826","±5,243","66,644","±4,529","58,301","±3,913"
        Less than 30 percent,49.30%,±4.7,37.70%,±2.1,51.10%,±2.8,48.30%,±2.1,44.40%,±4.2,37.70%,±1.6,45.40%,±2.5,41.40%,±2.5,45.60%,±4.0,47.00%,±2.5,48.40%,±3.2,45.80%,±4.4
        30 percent or more,50.70%,±4.7,62.30%,±2.1,48.90%,±2.8,51.70%,±2.1,55.60%,±4.2,62.30%,±1.6,54.60%,±2.5,58.60%,±2.5,54.40%,±4.0,53.00%,±2.5,51.60%,±3.2,54.20%,±4.4
GROSS RENT,,,,,,,,,,,,,,,,,,,,,,,,
    Occupied units paying rent,"49,645","±3,771","260,467","±8,109","152,835","±5,875","209,546","±5,240","67,057","±4,229","442,329","±8,068","190,439","±7,138","167,425","±6,600","51,015","±3,846","117,409","±5,278","69,354","±4,343","59,783","±3,833"
        Median gross rent (dollars),"1,132",±31,"1,448",±23,"1,111",±23,"1,186",±23,"1,220",±37,"1,408",±15,"1,322",±21,"1,498",±32,"1,077",±32,"1,182",±22,998,±39,"1,074",±39
COMPUTERS AND INTERNET USE,,,,,,,,,,,,,,,,,,,,,,,,
    Total households,"230,043","±4,772","705,472","±7,707","368,668","±4,596","541,584","±4,189","286,887","±5,798","912,805","±5,898","457,949","±6,978","568,915","±6,021","212,856","±4,410","395,286","±6,581","238,629","±5,267","219,451","±3,752"
        With a computer,94.00%,±0.9,95.10%,±0.5,93.70%,±0.7,96.00%,±0.5,96.00%,±0.5,93.90%,±0.5,96.00%,±0.7,94.80%,±0.6,94.90%,±0.8,93.70%,±0.9,92.20%,±1.0,95.30%,±0.7
        With a broadband Internet subscription,89.90%,±1.1,88.10%,±0.9,88.40%,±1.1,91.00%,±0.7,89.80%,±1.1,80.30%,±0.7,90.20%,±1.0,87.60%,±0.8,86.90%,±1.4,87.10%,±0.9,81.60%,±1.4,85.30%,±1.6
